abbrev, 1.0.7, ISC, git+ssh://git@github.com/isaacs/abbrev-js.git
accepts, 1.2.12, MIT, https://github.com/jshttp/accepts
ace-qradar-logger, 0.0.1, undefined, https://hub.jazz.net/git/flannanl/ace-qradar-logger
ace-runtime, 0.0.5, undefined, https://hub.jazz.net/git/flannanl/ace-runtime
acorn, 1.2.2, MIT, https://github.com/marijnh/acorn.git
adm-zip, 0.4.4, undefined, https://github.com/cthackers/adm-zip.git
after, 0.8.1, undefined, git://github.com/Raynos/after.git
agent-base, 1.0.2, MIT, git://github.com/TooTallNate/node-agent-base.git
align-text, 0.1.3, MIT, git://github.com/jonschlinkert/align-text.git
amdefine, 1.0.0, BSD-3-Clause AND MIT, git+https://github.com/jrburke/amdefine.git
amdextract, 2.1.10, MIT, git+https://github.com/mehdishojaei/amdextract.git
ansi, 0.3.0, undefined, git://github.com/TooTallNate/ansi.js.git
ansi-green, 0.1.1, MIT, git+https://github.com/jonschlinkert/ansi-green.git
ansi-regex, 2.0.0, MIT, https://github.com/sindresorhus/ansi-regex
ansi-styles, 2.1.0, MIT, https://github.com/chalk/ansi-styles
ansi-wrap, 0.1.0, [object Object], https://github.com/jonschlinkert/ansi-wrap.git
anymatch, 1.3.0, ISC, https://github.com/es128/anymatch
archive-type, 3.0.1, MIT, git+https://github.com/kevva/archive-type.git
archy, 1.0.0, MIT, http://github.com/substack/node-archy.git
are-we-there-yet, 1.0.4, ISC, https://github.com/iarna/are-we-there-yet.git
argparse, 1.0.2, MIT, git://github.com/nodeca/argparse.git
arr-diff, 1.0.1, [object Object], git://github.com/jonschlinkert/arr-diff.git
arr-flatten, 1.0.1, [object Object], git://github.com/jonschlinkert/arr-flatten.git
array-differ, 1.0.0, MIT, git://github.com/sindresorhus/array-differ
array-flatten, 1.1.1, MIT, git://github.com/blakeembrey/array-flatten.git
array-parallel, 0.1.3, MIT, https://github.com/component/array-parallel.git
array-series, 0.1.5, MIT, https://github.com/component/array-series.git
array-slice, 0.2.3, [object Object], git://github.com/jonschlinkert/array-slice.git
array-union, 1.0.1, MIT, https://github.com/sindresorhus/array-union
array-uniq, 1.0.2, MIT, https://github.com/sindresorhus/array-uniq
array-unique, 0.2.1, [object Object], git://github.com/jonschlinkert/array-unique.git
arraybuffer.slice, 0.0.6, undefined, git@github.com:rase-/arraybuffer.slice.git
arrify, 1.0.0, MIT, https://github.com/sindresorhus/arrify
asap, 2.0.3, [object Object], git+https://github.com/kriskowal/asap.git
ascli, 1.0.0, Apache-2.0, https://github.com/dcodeIO/ascli.git
asn1, 0.1.11, undefined, git://github.com/mcavage/node-asn1.git
asn1.js, 2.2.0, MIT, git+ssh://git@github.com/indutny/asn1.js.git
assert-plus, 0.1.5, undefined, https://github.com/mcavage/node-assert-plus.git
async, 0.2.10, undefined, https://github.com/caolan/async.git
async-each, 0.1.6, MIT, git://github.com/paulmillr/async-each.git
async-each-series, 1.1.0, MIT, git+ssh://git@github.com/jb55/async-each-series.git
async-foreach, 0.1.3, undefined, git://github.com/cowboy/javascript-sync-async-foreach.git
autoprefixer-core, 5.2.1, MIT, git+https://github.com/postcss/autoprefixer-core.git
aws-sign2, 0.5.0, undefined, https://github.com/mikeal/aws-sign
balanced-match, 0.2.0, MIT, git://github.com/juliangruber/balanced-match.git
base64-arraybuffer, 0.1.2, undefined, https://github.com/niklasvh/base64-arraybuffer
base64-js, 0.0.6, MIT, git://github.com/beatgammit/base64-js.git
base64-url, 1.2.1, ISC, git://github.com/joaquimserafim/base64-url.git
base64id, 0.1.0, undefined, git://github.com/faeldt/base64id.git
base64url, 0.0.6, MIT, git://github.com/brianloveswords/base64url.git
basic-auth, 1.0.3, MIT, https://github.com/jshttp/basic-auth
batch, 0.5.2, undefined, https://github.com/visionmedia/batch.git
beeper, 1.1.0, MIT, https://github.com/sindresorhus/beeper
benchmark, 1.0.0, undefined, https://github.com/bestiejs/benchmark.js.git
better-assert, 1.0.2, undefined, https://github.com/visionmedia/better-assert.git
bin-build, 2.1.2, MIT, git+https://github.com/kevva/bin-build.git
bin-check, 2.0.0, MIT, git+https://github.com/kevva/bin-check.git
bin-pack, 1.0.1, MIT, git@github.com:bryanburgers/bin-pack.git
bin-version, 1.0.4, MIT, git+https://github.com/sindresorhus/bin-version.git
bin-version-check, 2.1.0, MIT, https://github.com/sindresorhus/bin-version-check
bin-wrapper, 3.0.2, MIT, git+https://github.com/kevva/bin-wrapper.git
binary, 0.3.0, MIT, git://github.com/substack/node-binary.git
binary-extensions, 1.3.1, MIT, https://github.com/sindresorhus/binary-extensions
binaryextensions, 1.0.0, [object Object], http://github.com/bevry/binaryextensions.git
bindings, 1.2.1, MIT, git://github.com/TooTallNate/node-bindings.git
bl, 1.0.0, MIT, git+https://github.com/rvagg/bl.git
blob, 0.0.4, undefined, git@github.com:rase-/blob.git
block-stream, 0.0.8, ISC, git://github.com/isaacs/block-stream.git
bluebird, 2.9.34, MIT, git://github.com/petkaantonov/bluebird.git
bluemix-auth, 0.0.1, undefined, https://hub.jazz.net/git/flannanl/bluemix-auth
bluemix-monitor-outgoing-response-time, 0.0.1, undefined, https://hub.jazz.net/git/aerwin/bluemix-monitor-outgoing-response-time
bluemix-monitor-publish, 0.0.1, undefined, https://hub.jazz.net/git/aerwin/bluemix-monitor-publish
bluemix-monitor-response-time, 0.0.1, undefined, https://hub.jazz.net/git/aerwin/bluemix-monitor-response-time
bluemix-utils, 0.0.1, undefined, https://hub.jazz.net/git/aerwin/bluemix-utils
bn.js, 2.2.0, MIT, git+ssh://git@github.com/indutny/bn.js.git
body-parser, 1.12.4, MIT, https://github.com/expressjs/body-parser
boom, 2.8.0, BSD-3-Clause, git://github.com/hapijs/boom.git
bplist-parser, 0.0.6, MIT, https://github.com/nearinfinity/node-bplist-parser.git
brace-expansion, 1.1.0, MIT, git://github.com/juliangruber/brace-expansion.git
braces, 1.8.0, [object Object], git://github.com/jonschlinkert/braces.git
browser-launcher2, 0.4.5, MIT, git://github.com/benderjs/browser-launcher2.git
browser-request, 0.3.3, undefined, git://github.com/iriscouch/browser-request
browser-sync-client, 2.3.1, undefined, git://github.com/shakyshane/browser-sync-client.git
browser-sync-ui, 0.5.16, undefined, git+https://github.com/browsersync/UI.git
browserify-zlib, 0.1.4, MIT, git://github.com/devongovett/browserify-zlib.git
browserslist, 0.4.0, MIT, git+https://github.com/ai/browserslist.git
buffer-crc32, 0.2.5, MIT, git://github.com/brianloveswords/buffer-crc32.git
buffer-equal-constant-time, 1.0.1, BSD-3-Clause, git@github.com:goinstant/buffer-equal-constant-time.git
buffer-to-vinyl, 1.0.1, MIT, git+https://github.com/kevva/buffer-to-vinyl.git
buffers, 0.1.1, undefined, git://github.com/substack/node-buffers.git
bufferutil, 1.1.0, MIT, https://github.com/websockets/bufferutil
bufferview, 1.0.1, Apache-2.0, https://github.com/dcodeIO/node-BufferView.git
builtin-modules, 1.1.0, MIT, git+https://github.com/sindresorhus/builtin-modules.git
bytebuffer, 4.1.0, Apache-2.0, git+https://github.com/dcodeIO/ByteBuffer.js.git
bytes, 2.1.0, MIT, https://github.com/visionmedia/bytes.js
cached-request, 0.0.1, undefined, https://hub.jazz.net/git/flannanl/cached-request
camel-case, 1.1.2, MIT, git://github.com/blakeembrey/camel-case.git
camelcase, 1.2.1, MIT, https://github.com/sindresorhus/camelcase
camelcase-keys, 1.0.0, MIT, https://github.com/sindresorhus/camelcase-keys
caniuse-db, 1.0.30000310, CC-BY, https://github.com/Fyrd/caniuse.git
capture-stack-trace, 1.0.0, MIT, https://github.com/floatdrop/capture-stack-trace
caseless, 0.11.0, Apache-2.0, git+https://github.com/mikeal/caseless.git
caw, 1.1.0, MIT, git+https://github.com/kevva/caw.git
center-align, 0.1.1, [object Object], git://github.com/jonschlinkert/center-align.git
cfenv, 1.0.0, Apache-2.0, https://github.com/cloudfoundry-community/node-cfenv.git
chainsaw, 0.1.0, MIT/X11, git://github.com/substack/node-chainsaw.git
chalk, 1.1.0, MIT, https://github.com/chalk/chalk
change-case, 2.3.0, MIT, https://github.com/blakeembrey/change-case
chokidar, 1.0.5, MIT, git+https://github.com/paulmillr/chokidar.git
cldr-data, 27.0.6, undefined, git://github.com/rxaviers/cldr-data-npm.git
cldr-data-downloader, 0.2.3, undefined, git://github.com/rxaviers/cldr-data-downloader.git
cldrjs, 0.4.1, undefined, git://github.com/rxaviers/cldrjs.git
clean-css, 3.3.10, MIT, https://github.com/jakubpawlowicz/clean-css.git
cli, 0.6.6, undefined, http://github.com/chriso/cli.git
client-sessions, 0.7.0, undefined, https://github.com/mozilla/node-client-sessions
cliui, 2.1.0, ISC, http://github.com/bcoe/cliui.git
clone, 1.0.2, MIT, git://github.com/pvorb/node-clone.git
clone-stats, 0.0.1, MIT, git://github.com/hughsk/clone-stats
cloudant, 1.0.0-beta3, Apache 2.0, git://github.com/cloudant/nodejs-cloudant
co, 3.1.0, MIT, https://github.com/visionmedia/co.git
coa, 1.0.1, undefined, git://github.com/veged/coa.git
coffee-script, 1.3.3, undefined, git://github.com/jashkenas/coffee-script.git
colors, 0.6.0-1, undefined, git://github.com/Marak/colors.js.git
colour, 0.7.1, MIT, https://github.com/dcodeIO/colour.js.git
combined-stream, 1.0.5, MIT, git://github.com/felixge/node-combined-stream.git
commander, 0.6.1, undefined, git://github.com/visionmedia/commander.js.git
commist, 1.0.0, MIT, https://github.com/mcollina/commist.git
component-bind, 1.0.0, undefined, https://github.com/component/bind.git
component-emitter, 1.1.2, undefined, https://github.com/component/emitter.git
compressible, 2.0.5, MIT, https://github.com/jshttp/compressible
compression, 1.5.2, MIT, https://github.com/expressjs/compression
concat-map, 0.0.1, MIT, git://github.com/substack/node-concat-map.git
concat-stream, 1.4.10, MIT, git+ssh://git@github.com/maxogden/concat-stream.git
config-chain, 1.1.9, undefined, https://github.com/dominictarr/config-chain.git
configstore, 1.2.1, BSD-2-Clause, https://github.com/yeoman/configstore
connect, 1.9.2, undefined, git://github.com/senchalabs/connect
connect-redis, 2.5.0, MIT, git+ssh://git@github.com/visionmedia/connect-redis.git
consolidate, 0.11.0, undefined, https://github.com/visionmedia/consolidate.js.git
constant-case, 1.1.1, MIT, git://github.com/blakeembrey/constant-case.git
content-disposition, 0.5.0, MIT, https://github.com/jshttp/content-disposition
content-type, 1.0.1, MIT, https://github.com/jshttp/content-type
contentstream, 1.0.0, MIT, git://github.com/stream-utils/contentstream.git
cookie, 0.1.3, MIT, https://github.com/jshttp/cookie
cookie-parser, 1.3.5, MIT, https://github.com/expressjs/cookie-parser
cookie-signature, 1.0.6, MIT, https://github.com/visionmedia/node-cookie-signature.git
cookies, 0.5.0, MIT, git://github.com/expressjs/cookies
core-util-is, 1.0.1, MIT, git://github.com/isaacs/core-util-is
crc, 3.3.0, MIT, git://github.com/alexgorbatchev/node-crc.git
create-error-class, 2.0.1, MIT, https://github.com/floatdrop/create-error-class
cryptiles, 2.0.4, undefined, git://github.com/hapijs/cryptiles
csrf, 3.0.0, MIT, https://github.com/pillarjs/csrf
csslint, 0.10.0, undefined, https://github.com/stubbornella/csslint.git
csurf, 1.8.3, MIT, https://github.com/expressjs/csurf
ctype, 0.5.3, undefined, https://github.com/rmustacc/node-ctype.git
cwise, 1.0.8, MIT, git://github.com/scijs/cwise.git
cwise-compiler, 1.1.2, MIT, git://github.com/scijs/cwise-compiler.git
cwise-parser, 1.0.2, MIT, git://github.com/scijs/cwise-parser.git
datacache-connect, 0.0.2, undefined, https://hub.jazz.net/git/flannanl/datacache-connect
date-utils, 1.2.17, MIT, http://github.com/JerrySievert/date-utils.git
dateformat, 1.0.11, undefined, https://github.com/felixge/node-dateformat.git
deap, 1.0.0, MIT, git://github.com/selfcontained/deap.git
debug, 2.0.0, undefined, git://github.com/visionmedia/debug.git
decamelize, 1.0.0, MIT, https://github.com/sindresorhus/decamelize
decompress, 2.3.0, MIT, https://github.com/kevva/decompress
deep-extend, 0.2.11, MIT, git://github.com/unclechu/node-deep-extend.git
default-browser-id, 1.0.2, MIT, https://github.com/sindresorhus/default-browser-id
defaults, 1.0.2, MIT, git://github.com/tmpvar/defaults.git
delayed-stream, 1.0.0, MIT, git://github.com/felixge/node-delayed-stream.git
delegates, 0.1.0, MIT, git://github.com/visionmedia/node-delegates
depd, 1.0.1, MIT, https://github.com/dougwilson/nodejs-depd
deprecated, 0.0.1, undefined, git://github.com/wearefractal/deprecated.git
destroy, 1.0.3, MIT, https://github.com/stream-utils/destroy
dev-ip, 1.0.1, undefined, git://github.com/shakyshane/dev-ip.git
diff, 1.4.0, undefined, git://github.com/kpdecker/jsdiff.git
doctrine, 0.6.4, undefined, http://github.com/Constellation/doctrine.git
dom-serializer, 0.1.0, MIT, git://github.com/cheeriojs/dom-renderer.git
dom5, 1.2.0, BSD-3-Clause, git+https://github.com/PolymerLabs/dom5.git
domelementtype, 1.1.3, undefined, git://github.com/FB55/domelementtype.git
domhandler, 2.3.0, undefined, git://github.com/fb55/DomHandler.git
domutils, 1.5.1, undefined, git://github.com/FB55/domutils.git
dot-case, 1.1.1, MIT, git://github.com/blakeembrey/dot-case.git
download, 4.2.1, MIT, git+https://github.com/kevva/download.git
duplexer2, 0.0.2, BSD, git://github.com/deoxxa/duplexer2.git
duplexify, 3.4.2, MIT, git://github.com/mafintosh/duplexify.git
dust-static-cache, 0.0.3, undefined, https://hub.jazz.net/git/sheehan/dust-static-cache
dustjs-helpers, 1.7.3, MIT, git+https://github.com/linkedin/dustjs-helpers.git
dustjs-linkedin, 2.7.2, MIT, git+https://github.com/linkedin/dustjs.git
each-async, 1.1.1, MIT, https://github.com/sindresorhus/each-async
easy-extender, 2.3.1, undefined, git://github.com/shakyshane/easy-extender.git
eazy-logger, 2.1.2, undefined, git://github.com/shakyshane/easy-logger.git
ecdsa-sig-formatter, 1.0.2, Apache-2.0, git+ssh://git@github.com/Brightspace/node-ecdsa-sig-formatter.git
ee-first, 1.1.1, MIT, https://github.com/jonathanong/ee-first
ejs, 2.3.4, Apache-2.0, git://github.com/mde/ejs.git
emitter-steward, 1.0.0, MIT, https://github.com/shakyShane/emitter-steward
end-of-stream, 1.0.0, MIT, git://github.com/mafintosh/end-of-stream.git
engine.io, 1.5.4, undefined, git+ssh://git@github.com/Automattic/engine.io.git
engine.io-client, 1.5.4, undefined, git+https://github.com/Automattic/engine.io-client.git
engine.io-parser, 1.2.2, undefined, git+ssh://git@github.com/Automattic/engine.io-parser.git
entities, 1.1.1, BSD-like, git://github.com/fb55/node-entities.git
error-ex, 1.2.0, MIT, git+https://github.com/qix-/node-error-ex.git
errorhandler, 1.4.2, MIT, https://github.com/expressjs/errorhandler
errs, 0.2.4, undefined, http://github.com/flatiron/errs.git
es6-promise, 2.3.0, MIT, git://github.com/jakearchibald/ES6-Promises.git
escape-html, 1.0.2, MIT, https://github.com/component/escape-html
escape-string-regexp, 1.0.2, MIT, https://github.com/sindresorhus/escape-string-regexp
escodegen, 0.0.28, undefined, http://github.com/Constellation/escodegen.git
esprima, 2.0.0, undefined, https://github.com/jquery/esprima.git
estraverse, 1.3.2, undefined, http://github.com/Constellation/estraverse.git
esutils, 1.0.0, undefined, http://github.com/Constellation/esutils.git
etag, 1.7.0, MIT, https://github.com/jshttp/etag
eventemitter3, 0.1.6, MIT, git://github.com/primus/EventEmitter3.git
exec-buffer, 2.0.1, MIT, https://github.com/kevva/exec-buffer
exec-series, 1.0.2, MIT, git+https://github.com/shinnn/exec-series.git
executable, 1.1.0, MIT, https://github.com/kevva/executable
exit, 0.1.2, undefined, git://github.com/cowboy/node-exit.git
expand-brackets, 0.1.3, MIT, git+https://github.com/jonschlinkert/expand-brackets.git
expand-range, 1.8.1, [object Object], git://github.com/jonschlinkert/expand-range.git
express, 4.13.3, MIT, https://github.com/strongloop/express
express-session, 1.11.3, MIT, https://github.com/expressjs/session
extend, 3.0.0, MIT, git+https://github.com/justmoon/node-extend.git
extglob, 0.3.1, MIT, git://github.com/jonschlinkert/extglob.git
fancy-log, 1.1.0, MIT, git+https://github.com/phated/fancy-log.git
fd-slicer, 1.0.1, MIT, git://github.com/andrewrk/node-fd-slicer.git
figures, 1.4.0, MIT, git+https://github.com/sindresorhus/figures.git
file-type, 2.12.0, MIT, https://github.com/sindresorhus/file-type
filename-regex, 2.0.0, [object Object], git://github.com/regexps/filename-regex.git
filename-reserved-regex, 1.0.0, MIT, https://github.com/sindresorhus/filename-reserved-regex
fill-range, 2.2.2, [object Object], git://github.com/jonschlinkert/fill-range.git
finalhandler, 0.3.3, MIT, https://github.com/pillarjs/finalhandler
find-index, 0.1.1, MIT, git://github.com/jsdf/find-index.git
find-up, 1.0.0, MIT, https://github.com/sindresorhus/find-up
find-versions, 1.1.3, MIT, https://github.com/sindresorhus/find-versions
findup-sync, 0.2.1, undefined, git://github.com/cowboy/node-findup-sync.git
first-chunk-stream, 1.0.0, MIT, https://github.com/sindresorhus/first-chunk-stream
flagged-respawn, 0.3.1, undefined, git://github.com/tkellen/node-flagged-respawn.git
follow, 0.11.4, Apache 2.0, git://github.com/iriscouch/follow
for-in, 0.1.4, [object Object], git://github.com/jonschlinkert/for-in.git
for-own, 0.1.3, [object Object], git://github.com/jonschlinkert/for-own.git
foreach, 2.0.5, MIT, git://github.com/manuelstofer/foreach
forever-agent, 0.6.1, Apache-2.0, https://github.com/mikeal/forever-agent
form-data, 1.0.0-rc3, MIT, git://github.com/form-data/form-data.git
forwarded, 0.1.0, MIT, https://github.com/jshttp/forwarded
foxy, 11.1.3, MIT, git+https://github.com/shakyshane/foxy.git
fresh, 0.3.0, MIT, https://github.com/jshttp/fresh
fs-sync, 0.2.6, MIT, git@github.com:kaelzhang/node-fs-sync.git
fsevents, 0.3.8, MIT, git+https://github.com/strongloop/fsevents.git
fstream, 0.1.31, BSD, git://github.com/isaacs/fstream.git
fstream-ignore, 0.0.7, BSD, git://github.com/isaacs/fstream-ignore.git
function-bind, 1.0.2, undefined, git://github.com/Raynos/function-bind.git
gauge, 1.2.2, ISC, git+https://github.com/iarna/gauge.git
gaze, 0.5.1, undefined, git://github.com/shama/gaze.git
generate-function, 2.0.0, MIT, https://github.com/mafintosh/generate-function
generate-object-property, 1.2.0, MIT, https://github.com/mafintosh/generate-object-property
geoip-lite, 1.1.6, undefined, git://github.com/bluesmoon/node-geoip.git
get-pixels, 3.1.1, MIT, git://github.com/mikolalysenko/get-pixels.git
get-proxy, 1.0.1, MIT, https://github.com/kevva/get-proxy
get-stdin, 4.0.1, MIT, https://github.com/sindresorhus/get-stdin
gif-encoder, 0.4.1, undefined, git://github.com/twolfson/gif-encoder.git
gifsicle, 3.0.1, MIT, git+https://github.com/imagemin/gifsicle-bin.git
glob, 3.2.3, BSD, git://github.com/isaacs/node-glob.git
glob-base, 0.2.0, [object Object], git://github.com/jonschlinkert/glob-base.git
glob-parent, 1.2.0, ISC, https://github.com/es128/glob-parent
glob-stream, 4.1.1, undefined, https://github.com/wearefractal/glob-stream
glob-watcher, 0.0.8, undefined, git://github.com/wearefractal/glob-watcher.git
glob2base, 0.0.12, undefined, git://github.com/wearefractal/glob2base.git
global, 2.0.1, MIT, git://github.com/component/global.git
globalize, 1.0.0, undefined, git://github.com/jquery/globalize.git
globby, 2.1.0, MIT, https://github.com/sindresorhus/globby
globule, 0.1.0, undefined, git://github.com/cowboy/node-globule.git
gm, 1.20.0, MIT, git+https://github.com/aheckmann/gm.git
got, 3.3.1, MIT, https://github.com/sindresorhus/got
graceful-fs, 2.0.3, BSD, git://github.com/isaacs/node-graceful-fs.git
graceful-readlink, 1.0.1, MIT, git://github.com/zhiyelee/graceful-readlink.git
growl, 1.8.1, undefined, git://github.com/visionmedia/node-growl.git
gulp-gm, 0.0.8, MIT, git://github.com/scalableminds/gulp-gm.git
gulp-util, 3.0.6, MIT, git+https://github.com/wearefractal/gulp-util.git
handlebars, 3.0.3, MIT, https://github.com/wycats/handlebars.js.git
handlebars-layouts, 1.1.0, MIT, https://github.com/shannonmoeller/handlebars-layouts.git
har-validator, 1.8.0, ISC, git+https://github.com/ahmadnassri/har-validator.git
has-ansi, 2.0.0, MIT, https://github.com/sindresorhus/has-ansi
hawk, 3.1.0, BSD-3-Clause, git://github.com/hueniverse/hawk.git
headless, 0.1.7, undefined, git://github.com/kesla/node-headless.git
help-me, 0.1.0, MIT, https://github.com/mcollina/help-me.git
hoek, 2.14.0, BSD-3-Clause, git://github.com/hapijs/hoek.git
hosted-git-info, 2.1.4, ISC, git+https://github.com/npm/hosted-git-info.git
htmlparser2, 3.8.3, MIT, git://github.com/fb55/htmlparser2.git
http-errors, 1.3.1, MIT, https://github.com/jshttp/http-errors
http-proxy, 1.9.1, MIT, https://github.com/nodejitsu/node-http-proxy.git
http-signature, 0.11.0, MIT, git://github.com/joyent/node-http-signature.git
https-proxy-agent, 0.3.6, MIT, git://github.com/TooTallNate/node-https-proxy-agent.git
hydrolysis, 1.17.0, BSD-3-Clause, git+https://github.com/Polymer/hydrolysis.git
i18next, 1.10.4, undefined, git://github.com/jamuhl/i18next-node.git
i18next-client, 1.10.2, MIT, https://github.com/i18next/i18next/
iconv-lite, 0.2.11, MIT, git://github.com/ashtuchkin/iconv-lite.git
imagemin, 3.2.0, MIT, git+https://github.com/imagemin/imagemin.git
imagemin-gifsicle, 4.2.0, MIT, git+https://github.com/imagemin/imagemin-gifsicle.git
imagemin-jpegtran, 4.3.0, MIT, git+https://github.com/imagemin/imagemin-jpegtran.git
imagemin-optipng, 4.3.0, MIT, git+https://github.com/imagemin/imagemin-optipng.git
imagemin-svgo, 4.1.2, MIT, https://github.com/imagemin/imagemin-svgo
immutable, 3.7.5, BSD-3-Clause, git://github.com/facebook/immutable-js.git
indent-string, 1.2.2, MIT, https://github.com/sindresorhus/indent-string
infinity-agent, 2.0.3, MIT, https://github.com/floatdrop/infinity-agent
inflight, 1.0.4, ISC, git://github.com/isaacs/inflight.git
inherits, 2.0.1, ISC, git://github.com/isaacs/inherits
ini, 1.3.4, ISC, git://github.com/isaacs/ini.git
interpret, 0.6.5, MIT, git://github.com/tkellen/node-interpret.git
invert-kv, 1.0.0, MIT, https://github.com/sindresorhus/invert-kv
iota-array, 1.0.0, MIT, git://github.com/mikolalysenko/iota-array.git
ip-regex, 1.0.3, MIT, https://github.com/sindresorhus/ip-regex
ipaddr.js, 1.0.1, MIT, git://github.com/whitequark/ipaddr.js
is-absolute, 0.1.7, [object Object], git://github.com/jonschlinkert/is-absolute.git
is-binary-path, 1.0.1, MIT, https://github.com/sindresorhus/is-binary-path
is-buffer, 1.1.0, MIT, git://github.com/feross/is-buffer.git
is-builtin-module, 1.0.0, MIT, https://github.com/sindresorhus/is-builtin-module
is-bzip2, 1.0.0, MIT, https://github.com/kevva/is-bzip2
is-dotfile, 1.0.1, MIT, git://github.com/jonschlinkert/is-dotfile.git
is-equal-shallow, 0.1.3, MIT, git://github.com/jonschlinkert/is-equal-shallow.git
is-extglob, 1.0.0, MIT, https://github.com/jonschlinkert/is-extglob
is-finite, 1.0.1, MIT, git+https://github.com/sindresorhus/is-finite.git
is-gif, 1.0.0, MIT, https://github.com/sindresorhus/is-gif
is-glob, 1.1.3, MIT, https://github.com/jonschlinkert/is-glob
is-gzip, 1.0.0, MIT, https://github.com/kevva/is-gzip
is-jpg, 1.0.0, MIT, https://github.com/sindresorhus/is-jpg
is-lower-case, 1.1.1, MIT, git://github.com/blakeembrey/is-lower-case.git
is-my-json-valid, 2.12.1, MIT, git+https://github.com/mafintosh/is-my-json-valid.git
is-npm, 1.0.0, MIT, git://github.com/sindresorhus/is-npm
is-number, 1.1.2, [object Object], git://github.com/jonschlinkert/is-number.git
is-obj, 1.0.0, MIT, git+https://github.com/sindresorhus/is-obj.git
is-path-cwd, 1.0.0, MIT, https://github.com/sindresorhus/is-path-cwd
is-path-in-cwd, 1.0.0, MIT, https://github.com/sindresorhus/is-path-in-cwd
is-path-inside, 1.0.0, MIT, https://github.com/sindresorhus/is-path-inside
is-plain-obj, 1.0.0, MIT, git+https://github.com/sindresorhus/is-plain-obj.git
is-png, 1.0.0, MIT, https://github.com/sindresorhus/is-png
is-posix-bracket, 0.1.0, MIT, git+https://github.com/jonschlinkert/is-posix-bracket.git
is-primitive, 2.0.0, [object Object], git://github.com/jonschlinkert/is-primitive.git
is-property, 1.0.2, MIT, git://github.com/mikolalysenko/is-property.git
is-redirect, 1.0.0, MIT, https://github.com/sindresorhus/is-redirect
is-relative, 0.1.3, undefined, git://github.com/jonschlinkert/is-relative.git
is-stream, 1.0.1, MIT, https://github.com/sindresorhus/is-stream
is-svg, 1.1.1, MIT, https://github.com/sindresorhus/is-svg
is-tar, 1.0.0, MIT, https://github.com/kevva/is-tar
is-upper-case, 1.1.1, MIT, git://github.com/blakeembrey/is-upper-case.git
is-utf8, 0.2.0, BSD, https://github.com/wayfind/is-utf8.git
is-zip, 1.0.0, MIT, https://github.com/kevva/is-zip
isarray, 0.0.1, MIT, git://github.com/juliangruber/isarray.git
isobject, 1.0.2, [object Object], git://github.com/jonschlinkert/isobject.git
isstream, 0.1.2, MIT, https://github.com/rvagg/isstream.git
istextorbinary, 1.0.2, [object Object], http://github.com/bevry/istextorbinary.git
jade, 0.26.3, undefined, git://github.com/visionmedia/jade
jpeg-js, 0.0.4, BSD-3-Clause, https://github.com/eugeneware/jpeg-js
jpegtran-bin, 3.0.4, MIT, git+https://github.com/imagemin/jpegtran-bin.git
js-base64, 2.1.9, BSD, git://github.com/dankogai/js-base64.git
js-yaml, 3.2.7, [object Object], git://github.com/nodeca/js-yaml.git
json-content-demux, 0.1.3, undefined, git://github.com/twolfson/json-content-demux.git
json-stringify-safe, 5.0.1, ISC, git://github.com/isaacs/json-stringify-safe.git
json3, 3.2.6, undefined, git://github.com/bestiejs/json3.git
json5, 0.2.0, undefined, git://github.com/aseemk/json5.git
jsonfile, 2.2.2, MIT, git+ssh://git@github.com/jprichardson/node-jsonfile.git
jsonpointer, 1.1.0, undefined, http://github.com/janl/node-jsonpointer.git
jsonwebtoken, 5.0.5, MIT, git+https://github.com/auth0/node-jsonwebtoken.git
jwa, 1.1.0, MIT, git://github.com/brianloveswords/node-jwa.git
jws, 3.1.0, MIT, git://github.com/brianloveswords/node-jws.git
jwt-simple, 0.3.0, undefined, http://github.com/hokaccha/node-jwt-simple.git
keygrip, 1.0.1, undefined, git://github.com/expressjs/keygrip.git
kind-of, 2.0.0, MIT, git+https://github.com/jonschlinkert/kind-of.git
latest-version, 1.0.1, MIT, https://github.com/sindresorhus/latest-version
layout, 2.2.0, undefined, git://github.com/twolfson/layout.git
lazy, 1.0.11, [object Object], http://github.com/pkrumins/node-lazy.git
lazy-cache, 0.2.3, MIT, git+https://github.com/jonschlinkert/lazy-cache.git
lazy-req, 1.1.0, MIT, https://github.com/sindresorhus/lazy-req
lcid, 1.0.0, MIT, https://github.com/sindresorhus/lcid
leven, 1.0.2, MIT, https://github.com/sindresorhus/leven
liftoff, 2.1.0, undefined, git://github.com/tkellen/node-liftoff.git
limiter, 1.0.5, undefined, git://github.com/jhurliman/node-rate-limiter
load-json-file, 1.0.1, MIT, https://github.com/sindresorhus/load-json-file
localtunnel, 1.7.0, MIT, git://github.com/shtylman/localtunnel.git
lodash, 3.10.1, MIT, git+https://github.com/lodash/lodash.git
lodash-node, 2.4.1, MIT, https://github.com/lodash/lodash-node.git
lodash._arraycopy, 3.0.0, MIT, https://github.com/lodash/lodash
lodash._arrayeach, 3.0.0, MIT, https://github.com/lodash/lodash
lodash._basecopy, 3.0.1, MIT, https://github.com/lodash/lodash
lodash._basefor, 3.0.2, MIT, git+https://github.com/lodash/lodash.git
lodash._basetostring, 3.0.1, MIT, git+https://github.com/lodash/lodash.git
lodash._basevalues, 3.0.0, MIT, https://github.com/lodash/lodash
lodash._bindcallback, 3.0.1, MIT, https://github.com/lodash/lodash
lodash._createassigner, 3.1.1, MIT, git+https://github.com/lodash/lodash.git
lodash._createpadding, 3.6.1, MIT, git+https://github.com/lodash/lodash.git
lodash._escapehtmlchar, 2.4.1, MIT, https://github.com/lodash/lodash-cli.git
lodash._escapestringchar, 2.4.1, MIT, https://github.com/lodash/lodash-cli.git
lodash._getnative, 3.9.1, MIT, git+https://github.com/lodash/lodash.git
lodash._htmlescapes, 2.4.1, MIT, https://github.com/lodash/lodash-cli.git
lodash._isiterateecall, 3.0.9, MIT, git+https://github.com/lodash/lodash.git
lodash._isnative, 2.4.1, MIT, https://github.com/lodash/lodash-cli.git
lodash._objecttypes, 2.4.1, MIT, https://github.com/lodash/lodash-cli.git
lodash._reescape, 3.0.0, MIT, https://github.com/lodash/lodash
lodash._reevaluate, 3.0.0, MIT, https://github.com/lodash/lodash
lodash._reinterpolate, 3.0.0, MIT, https://github.com/lodash/lodash
lodash._shimkeys, 2.4.1, MIT, https://github.com/lodash/lodash-cli.git
lodash.defaults, 2.4.1, MIT, https://github.com/lodash/lodash-cli.git
lodash.escape, 2.4.1, MIT, https://github.com/lodash/lodash-cli.git
lodash.isarguments, 3.0.4, MIT, git+https://github.com/lodash/lodash.git
lodash.isarray, 3.0.4, MIT, git+https://github.com/lodash/lodash.git
lodash.isobject, 2.4.1, MIT, https://github.com/lodash/lodash-cli.git
lodash.isplainobject, 3.2.0, MIT, git+https://github.com/lodash/lodash.git
lodash.istypedarray, 3.0.2, MIT, git+https://github.com/lodash/lodash.git
lodash.keys, 2.4.1, MIT, https://github.com/lodash/lodash-cli.git
lodash.keysin, 3.0.8, MIT, git+https://github.com/lodash/lodash.git
lodash.repeat, 3.0.1, MIT, git+https://github.com/lodash/lodash.git
lodash.restparam, 3.6.1, MIT, https://github.com/lodash/lodash
lodash.template, 3.6.2, MIT, git+https://github.com/lodash/lodash.git
lodash.toplainobject, 3.0.0, MIT, https://github.com/lodash/lodash
log4js, 0.6.24, Apache-2.0, https://github.com/nomiddlename/log4js-node.git
log4js-cloudant, 0.0.6, undefined, https://hub.jazz.net/git/bsvihovec/log4js-cloudant
log4js-utils, 0.0.3, undefined, https://hub.jazz.net/git/bsvihovec/log4js-utils
logalot, 2.1.0, MIT, https://github.com/imagemin/logalot
long, 2.3.0, Apache-2.0, git+https://github.com/dcodeIO/Long.js.git
longest, 1.0.1, [object Object], https://github.com/jonschlinkert/longest.git
loud-rejection, 1.0.0, MIT, https://github.com/sindresorhus/loud-rejection
lower-case, 1.1.2, MIT, git://github.com/blakeembrey/lower-case.git
lower-case-first, 1.0.0, MIT, git://github.com/blakeembrey/lower-case-first.git
lowercase-keys, 1.0.0, MIT, https://github.com/sindresorhus/lowercase-keys
lpad-align, 1.1.0, MIT, git+https://github.com/kevva/lpad-align.git
lru-cache, 2.6.5, ISC, git://github.com/isaacs/node-lru-cache.git
map-obj, 1.0.1, MIT, https://github.com/sindresorhus/map-obj
maxmin, 1.1.0, MIT, https://github.com/sindresorhus/maxmin
md5-file, 2.0.3, MIT, git+https://github.com/roryrjb/md5-file.git
media-typer, 0.3.0, MIT, https://github.com/jshttp/media-typer
meow, 2.0.0, MIT, https://github.com/sindresorhus/meow
merge-descriptors, 1.0.0, MIT, https://github.com/component/merge-descriptors.git
merge-stream, 0.1.8, MIT, https://github.com/grncdr/merge-stream
methods, 1.1.1, MIT, https://github.com/jshttp/methods
micromatch, 2.2.0, MIT, git+https://github.com/jonschlinkert/micromatch.git
mime, 1.2.11, undefined, https://github.com/broofa/node-mime
mime-db, 1.16.0, MIT, https://github.com/jshttp/mime-db
mime-types, 2.1.4, MIT, https://github.com/jshttp/mime-types
minimalistic-assert, 1.0.0, ISC, https://github.com/calvinmetcalf/minimalistic-assert.git
minimatch, 0.2.14, [object Object], git://github.com/isaacs/minimatch.git
minimist, 0.0.8, MIT, git://github.com/substack/minimist.git
mkdirp, 0.3.0, MIT/X11, git://github.com/substack/node-mkdirp.git
mqtt, 1.3.5, MIT, git://github.com/mqttjs/MQTT.js.git
mqtt-connection, 2.1.1, MIT, https://github.com/mqttjs/mqtt-connection.git
mqtt-packet, 3.3.0, MIT, https://github.com/mqttjs/mqtt-packet.git
ms, 0.6.2, undefined, git://github.com/guille/ms.js.git
multipipe, 0.1.2, MIT, https://github.com/juliangruber/multipipe
nan, 1.8.4, MIT, git://github.com/iojs/nan.git
nano, 6.1.5, Apache-2.0, git://github.com/dscape/nano.git
nconf, 0.7.2, undefined, http://github.com/flatiron/nconf.git
ndarray, 1.0.18, MIT, git://github.com/mikolalysenko/ndarray.git
ndarray-fill, 1.0.1, MIT, git://github.com/mikolalysenko/ndarray-fill.git
negotiator, 0.5.3, MIT, https://github.com/jshttp/negotiator
nested-error-stacks, 1.0.1, MIT, https://github.com/mdlavin/nested-error-stacks.git
newrelic, 1.21.2, undefined, https://github.com/newrelic/node-newrelic.git
node-inspector, 0.9.2, undefined, http://github.com/node-inspector/node-inspector.git
node-pre-gyp, 0.6.11, BSD, git://github.com/mapbox/node-pre-gyp.git
node-sass, 3.3.2, MIT, git+https://github.com/sass/node-sass.git
node-status-codes, 1.0.0, MIT, git+https://github.com/sindresorhus/node-status-codes.git
node-uuid, 1.4.3, undefined, https://github.com/broofa/node-uuid.git
nopt, 3.0.4, ISC, git+ssh://git@github.com/isaacs/nopt.git
normalize-package-data, 2.3.4, BSD-2-Clause, git://github.com/npm/normalize-package-data.git
npmconf, 2.0.9, BSD, git://github.com/isaacs/npmconf
npmlog, 1.2.1, ISC, git://github.com/isaacs/npmlog.git
num2fraction, 1.2.2, MIT, git+ssh://git@github.com/yisibl/num2fraction.git
number-is-nan, 1.0.0, MIT, git+https://github.com/sindresorhus/number-is-nan.git
oauth, 0.9.13, undefined, http://github.com/ciaranj/node-oauth.git
oauth-sign, 0.8.0, Apache-2.0, git+https://github.com/mikeal/oauth-sign.git
obj-extend, 0.1.0, MIT, https://github.com/mlmorg/obj-extend
object-assign, 1.0.0, MIT, https://github.com/sindresorhus/object-assign
object-keys, 0.4.0, MIT, git://github.com/ljharb/object-keys.git
object-path, 0.9.2, MIT, git://github.com/mariocasciaro/object-path.git
object.omit, 1.1.0, [object Object], git://github.com/jonschlinkert/object.omit.git
on-finished, 2.2.1, MIT, https://github.com/jshttp/on-finished
on-headers, 1.0.0, MIT, https://github.com/jshttp/on-headers
once, 1.3.2, ISC, git://github.com/isaacs/once.git
onetime, 1.0.0, MIT, git://github.com/sindresorhus/onetime
openurl, 1.1.0, MIT, git://github.com/rauschma/openurl.git
opn, 3.0.2, MIT, https://github.com/sindresorhus/opn
optimist, 0.6.1, MIT/X11, http://github.com/substack/node-optimist.git
optional, 0.1.3, MIT, git@github.com:tony-o/node-optional.git
options, 0.0.6, undefined, git://github.com/einaros/options.js.git
optipng-bin, 3.0.2, MIT, git+https://github.com/imagemin/optipng-bin.git
optjs, 3.2.1-boom, NASA-1.3, https://github.com/dcodeIO/opt.js.git
orchestrator, 0.3.7, undefined, git://github.com/robrich/orchestrator.git
ordered-read-streams, 0.1.0, MIT, git://github.com/armed/ordered-read-streams.git
os-filter-obj, 1.0.3, MIT, https://github.com/kevva/os-filter-obj
os-homedir, 1.0.1, MIT, https://github.com/sindresorhus/os-homedir
os-locale, 1.4.0, MIT, https://github.com/sindresorhus/os-locale
os-tmpdir, 1.0.1, MIT, https://github.com/sindresorhus/os-tmpdir
osenv, 0.1.3, ISC, git+https://github.com/npm/osenv.git
over, 0.0.5, MIT, https://github.com/nearinfinity/node-over.git
package-json, 1.2.0, MIT, https://github.com/sindresorhus/package-json
pad-left, 2.0.0, MIT, git+https://github.com/jonschlinkert/pad-left.git
pako, 0.2.8, [object Object], git://github.com/nodeca/pako.git
param-case, 1.1.1, MIT, git://github.com/blakeembrey/param-case.git
parse-glob, 3.0.4, MIT, git+https://github.com/jonschlinkert/parse-glob.git
parse-json, 2.2.0, MIT, https://github.com/sindresorhus/parse-json
parse5, 1.5.0, undefined, git://github.com/inikulin/parse5.git
parserlib, 0.2.5, MIT, http://github.com/CSSLint/parser-lib.git
parseurl, 1.3.0, MIT, https://github.com/expressjs/parseurl
pascal-case, 1.1.1, MIT, git://github.com/blakeembrey/pascal-case.git
passport, 0.2.2, MIT, git://github.com/jaredhanson/passport.git
passport-local, 1.0.0, undefined, git://github.com/jaredhanson/passport-local.git
passport-oauth, 1.0.0, undefined, git://github.com/jaredhanson/passport-oauth.git
passport-oauth1, 1.0.1, undefined, git://github.com/jaredhanson/passport-oauth1.git
passport-oauth2, 1.1.2, undefined, git://github.com/jaredhanson/passport-oauth2.git
passport-strategy, 1.0.0, undefined, git://github.com/jaredhanson/passport-strategy.git
path-case, 1.1.1, MIT, git://github.com/blakeembrey/path-case.git
path-exists, 1.0.0, MIT, https://github.com/sindresorhus/path-exists
path-is-absolute, 1.0.0, MIT, https://github.com/sindresorhus/path-is-absolute
path-is-inside, 1.0.1, WTFPL, git://github.com/domenic/path-is-inside.git
path-posix, 1.0.0, ISC, git@github.com:jden/node-path-posix.git
path-to-regexp, 0.1.3, undefined, https://github.com/component/path-to-regexp.git
path-type, 1.0.0, MIT, https://github.com/sindresorhus/path-type
pend, 1.2.0, MIT, git://github.com/andrewrk/node-pend.git
pify, 2.2.0, MIT, git+https://github.com/sindresorhus/pify.git
pinkie, 1.0.0, MIT, git+https://github.com/floatdrop/pinkie.git
pinkie-promise, 1.0.0, MIT, git+https://github.com/floatdrop/pinkie-promise.git
pixelsmith, 1.1.2, undefined, git://github.com/twolfson/pixelsmith.git
plist, 1.1.0, undefined, git://github.com/TooTallNate/node-plist.git
plur, 1.0.0, MIT, https://github.com/sindresorhus/plur
ports, 1.1.0, Apache 2.0, https://github.com/hoodiehq/node-ports
portscanner, 1.0.0, undefined, git://github.com/baalexander/node-portscanner.git
postcss, 4.1.16, MIT, git+https://github.com/postcss/postcss.git
prepend-http, 1.0.3, MIT, git+https://github.com/sindresorhus/prepend-http.git
preserve, 0.2.0, [object Object], git://github.com/jonschlinkert/preserve.git
pretty-bytes, 2.0.1, MIT, https://github.com/sindresorhus/pretty-bytes
pretty-hrtime, 1.0.0, undefined, git://github.com/robrich/pretty-hrtime.git
process-nextick-args, 1.0.2, MIT, git+https://github.com/calvinmetcalf/process-nextick-args.git
progress, 1.1.8, undefined, git://github.com/visionmedia/node-progress
promised-io, 0.3.3, undefined, http://github.com/kriszyp/promised-io
properties-parser, 0.2.3, undefined, https://github.com/xavi-/node-properties-parser
proto-list, 1.2.4, ISC, git+https://github.com/isaacs/proto-list.git
proxy-addr, 1.0.8, MIT, https://github.com/jshttp/proxy-addr
pullstream, 0.0.4, MIT, https://github.com/nearinfinity/node-pullstream.git
punycode, 1.3.2, MIT, https://github.com/bestiejs/punycode.js.git
q, 1.2.1, [object Object], git://github.com/kriskowal/q.git
qs, 4.0.0, BSD-3-Clause, git+https://github.com/hapijs/qs.git
query-string, 2.4.1, MIT, https://github.com/sindresorhus/query-string
querystring, 0.2.0, undefined, git://github.com/Gozala/querystring.git
randomatic, 1.1.0, [object Object], https://github.com/jonschlinkert/randomatic.git
range-parser, 1.0.2, MIT, https://github.com/jshttp/range-parser
raw-body, 2.0.2, MIT, https://github.com/stream-utils/raw-body
rc, 1.1.1, (BSD-2-Clause OR MIT OR Apache-2.0), git+https://github.com/dominictarr/rc.git
read-all-stream, 3.0.1, MIT, https://github.com/floatdrop/read-all-stream
read-pkg, 1.1.0, MIT, https://github.com/sindresorhus/read-pkg
read-pkg-up, 1.0.1, MIT, https://github.com/sindresorhus/read-pkg-up
readable-stream, 1.0.33, MIT, git://github.com/isaacs/readable-stream
readdirp, 1.4.0, MIT, git://github.com/thlorenz/readdirp.git
rechoir, 0.6.2, undefined, git://github.com/tkellen/node-rechoir.git
redent, 1.0.0, MIT, https://github.com/sindresorhus/redent
redis, 0.12.1, undefined, git://github.com/mranney/node_redis.git
regex-cache, 0.4.2, [object Object], git://github.com/jonschlinkert/regex-cache.git
regexp-quote, 0.0.0, undefined, git://github.com/dbrock/node-regexp-quote.git
registry-url, 3.0.3, MIT, https://github.com/sindresorhus/registry-url
repeat-element, 1.1.2, [object Object], git://github.com/jonschlinkert/repeat-element.git
repeat-string, 1.5.2, [object Object], git://github.com/jonschlinkert/repeat-string.git
repeating, 2.0.0, MIT, git+https://github.com/sindresorhus/repeating.git
replace-ext, 0.0.1, undefined, git://github.com/wearefractal/replace-ext.git
replacestream, 4.0.0, BSD-3-Clause, https://github.com/eugeneware/replacestream
request, 2.60.0, Apache-2.0, git+https://github.com/request/request.git
request-progress, 0.3.1, MIT, git://github.com/IndigoUnited/node-request-progress
requires-port, 0.0.1, MIT, git+https://github.com/unshiftio/requires-port.git
resiliency, 0.0.1, undefined, https://hub.jazz.net/git/flannanl/resiliency
resolve, 1.1.6, MIT, git://github.com/substack/node-resolve.git
resp-modifier, 5.0.2, undefined, https://github.com/shakyshane/resp-modifier
response-time, 2.3.1, MIT, https://github.com/expressjs/response-time
right-align, 0.1.3, MIT, git://github.com/jonschlinkert/right-align.git
rimraf, 2.1.4, [object Object], git://github.com/isaacs/rimraf.git
rndm, 1.1.0, MIT, https://github.com/crypto-utils/rndm
save-pixels, 2.2.0, MIT, git://github.com/mikolalysenko/save-pixels.git
sax, 1.1.3, ISC, git://github.com/isaacs/sax-js.git
scmp, 1.0.0, BSD, git://github.com/freewil/scmp.git
seek-bzip, 1.0.5, MIT, https://github.com/cscott/seek-bzip.git
semver, 4.3.6, ISC, git://github.com/npm/node-semver.git
semver-diff, 2.0.0, MIT, https://github.com/sindresorhus/semver-diff
semver-truncate, 1.0.0, MIT, https://github.com/sindresorhus/semver-truncate
send, 0.13.0, MIT, https://github.com/pillarjs/send
sentence-case, 1.1.2, MIT, git://github.com/blakeembrey/sentence-case.git
sequencify, 0.0.7, undefined, git://github.com/robrich/sequencify.git
serve-index, 1.7.2, MIT, https://github.com/expressjs/serve-index
serve-static, 1.9.3, MIT, https://github.com/expressjs/serve-static
set-immediate-shim, 1.0.1, MIT, https://github.com/sindresorhus/set-immediate-shim
sigmund, 1.0.1, ISC, git://github.com/isaacs/sigmund.git
slide, 1.1.6, ISC, git://github.com/isaacs/slide-flow-control.git
snake-case, 1.1.1, MIT, git://github.com/blakeembrey/snake-case.git
sntp, 1.0.9, undefined, git://github.com/hueniverse/sntp
socket.io-adapter, 0.3.1, undefined, git://github.com/Automattic/socket.io-adapter.git
socket.io-client, 1.3.7, MIT, git+https://github.com/Automattic/socket.io-client.git
socket.io-parser, 2.2.2, MIT, https://github.com/Automattic/socket.io-parser.git
source-map, 0.1.43, undefined, http://github.com/mozilla/source-map.git
spdx-correct, 1.0.1, Apache-2.0, git+https://github.com/kemitchell/spdx-correct.js.git
spdx-exceptions, 1.0.3, CC-BY-3.0, git+https://github.com/kemitchell/spdx-exceptions.json.git
spdx-expression-parse, 1.0.0, (MIT AND CC-BY-3.0), git+https://github.com/kemitchell/spdx-expression-parse.js.git
spdx-license-ids, 1.0.2, Unlicense, git+https://github.com/shinnn/spdx-license-ids.git
sprintf-js, 1.0.3, BSD-3-Clause, git+https://github.com/alexei/sprintf.js.git
spritesheet-templates, 9.6.1, MIT, git://github.com/twolfson/spritesheet-templates.git
spritesmith, 1.3.2, MIT, git://github.com/Ensighten/spritesmith.git
squeak, 1.2.0, MIT, https://github.com/kevva/squeak
stat-mode, 0.2.1, MIT, git://github.com/TooTallNate/stat-mode.git
static-module, 1.1.3, MIT, git://github.com/substack/static-module.git
statuses, 1.2.1, MIT, https://github.com/jshttp/statuses
stream-buffers, 0.2.6, undefined, https://github.com/samcday/node-stream-buffer.git
stream-combiner2, 1.0.2, MIT, git://github.com/substack/stream-combiner2.git
stream-consume, 0.1.0, MIT, https://github.com/aroneous/stream-consume.git
streamsearch, 0.1.2, undefined, http://github.com/mscdex/streamsearch.git
strict-uri-encode, 1.0.2, MIT, git+https://github.com/kevva/strict-uri-encode.git
string, 3.3.1, MIT, git+https://github.com/jprichardson/string.js.git
string-format, 0.5.0, undefined, git://github.com/davidchambers/string-format.git
string-length, 1.0.1, MIT, https://github.com/sindresorhus/string-length
string_decoder, 0.10.31, MIT, git://github.com/rvagg/string_decoder.git
stringstream, 0.0.4, MIT, https://github.com/mhart/StringStream.git
strip-ansi, 3.0.0, MIT, https://github.com/sindresorhus/strip-ansi
strip-bom, 1.0.0, MIT, git://github.com/sindresorhus/strip-bom
strip-dirs, 1.1.1, undefined, https://github.com/shinnn/node-strip-dirs
strip-indent, 1.0.1, MIT, https://github.com/sindresorhus/strip-indent
strip-json-comments, 0.1.3, MIT, git://github.com/sindresorhus/strip-json-comments
strip-outer, 1.0.0, MIT, https://github.com/sindresorhus/strip-outer
success-symbol, 0.1.0, MIT, https://github.com/jonschlinkert/success-symbol
supports-color, 1.2.1, MIT, https://github.com/sindresorhus/supports-color
svgo, 0.5.6, MIT, git://github.com/svg/svgo.git
swap-case, 1.1.1, MIT, git://github.com/blakeembrey/swap-case.git
tar, 0.1.20, BSD, git://github.com/isaacs/node-tar.git
tar-pack, 2.0.0, BSD, https://github.com/ForbesLindesay/tar-pack.git
tar-stream, 1.2.1, MIT, git+https://github.com/mafintosh/tar-stream.git
tempfile, 1.1.1, MIT, git+https://github.com/sindresorhus/tempfile.git
textextensions, 1.0.1, [object Object], http://github.com/bevry/textextensions.git
throttleit, 0.0.2, MIT, git://github.com/component/throttle.git
through2, 0.6.5, MIT, https://github.com/rvagg/through2.git
through2-concurrent, 1.1.0, MIT, https://github.com/almost/through2-concurrent
through2-filter, 2.0.0, MIT, git@github.com:brycebaril/through2-filter.git
tildify, 1.1.0, MIT, https://github.com/sindresorhus/tildify
timed-out, 2.0.0, MIT, https://github.com/floatdrop/timed-out
tinycolor, 0.0.1, undefined, git://github.com/einaros/tinycolor.git
title-case, 1.1.1, MIT, git://github.com/blakeembrey/title-case.git
tough-cookie, 2.0.0, BSD-3-Clause, git://github.com/SalesforceEng/tough-cookie.git
traverse, 0.3.9, MIT/X11, git://github.com/substack/js-traverse.git
trim-newlines, 1.0.0, MIT, https://github.com/sindresorhus/trim-newlines
trim-repeated, 1.0.0, MIT, https://github.com/sindresorhus/trim-repeated
truncate, 1.0.5, MIT, git@github.com:FGRibreau/node-truncate.git
tunnel-agent, 0.4.1, undefined, git+https://github.com/mikeal/tunnel-agent.git
type-is, 1.6.6, MIT, https://github.com/jshttp/type-is
typedarray, 0.0.6, MIT, git://github.com/substack/typedarray.git
uglify-js, 2.4.13, undefined, https://github.com/mishoo/UglifyJS2.git
uglify-to-browserify, 1.0.2, MIT, https://github.com/ForbesLindesay/uglify-to-browserify.git
uid, 0.0.2, MIT, git://github.com/MatthewMueller/uid.git
uid-number, 0.0.3, BSD, git://github.com/isaacs/uid-number.git
uid-safe, 2.0.0, MIT, https://github.com/crypto-utils/uid-safe
ultron, 1.0.2, MIT, git+https://github.com/unshiftio/ultron.git
underscore, 1.8.2, MIT, git://github.com/jashkenas/underscore.git
underscore.string, 3.0.3, undefined, https://github.com/epeli/underscore.string.git
uniq, 1.0.1, MIT, git://github.com/mikolalysenko/uniq.git
unique-stream, 2.2.0, MIT, git+https://github.com/eugeneware/unique-stream.git
untildify, 1.0.0, MIT, git://github.com/sindresorhus/untildify
unzip, 0.0.4, MIT, https://github.com/nearinfinity/node-unzip.git
update-notifier, 0.5.0, BSD-2-Clause, git+https://github.com/yeoman/update-notifier.git
upper-case, 1.1.2, MIT, git://github.com/blakeembrey/upper-case.git
upper-case-first, 1.1.1, MIT, git://github.com/blakeembrey/upper-case-first.git
url, 0.10.3, MIT, https://github.com/defunctzombie/node-url.git
url-regex, 2.1.3, MIT, git+https://github.com/kevva/url-regex.git
url2, 1.0.4, undefined, git://github.com/kriskowal/url2.git
user-home, 1.1.1, MIT, https://github.com/sindresorhus/user-home
utf-8-validate, 1.1.0, MIT, https://github.com/websockets/utf-8-validate
util-deprecate, 1.0.1, MIT, git://github.com/TooTallNate/util-deprecate.git
utils-merge, 1.0.0, undefined, git://github.com/jaredhanson/utils-merge.git
uuid, 2.0.1, undefined, https://github.com/shtylman/node-uuid.git
v8flags, 2.0.10, undefined, git://github.com/tkellen/node-v8flags.git
validate-npm-package-license, 3.0.1, Apache-2.0, git+https://github.com/kemitchell/validate-npm-package-license.js.git
vary, 1.0.1, MIT, https://github.com/jshttp/vary
vinyl, 0.4.6, undefined, git://github.com/wearefractal/vinyl.git
vinyl-fs, 1.0.0, undefined, git://github.com/wearefractal/vinyl-fs.git
vinyl-sourcemaps-apply, 0.1.4, ISC, git://github.com/floridoo/vinyl-sourcemaps-apply.git
websocket-stream, 1.5.1, BSD-2-Clause, git+ssh://git@github.com/maxogden/websocket-stream.git
whet.extend, 0.9.9, MIT, https://github.com/Meettya/whet.extend.git
win-detect-browsers, 1.0.2, MIT, https://github.com/vweevers/win-detect-browsers
window-size, 0.1.2, MIT, git+https://github.com/jonschlinkert/window-size.git
wordwrap, 0.0.2, MIT/X11, git://github.com/substack/node-wordwrap.git
wrap-fn, 0.1.4, undefined, https://github.com/MatthewMueller/wrap-fn
wrappy, 1.0.1, ISC, https://github.com/npm/wrappy
ws, 0.8.0, MIT, git://github.com/websockets/ws.git
x-default-browser, 0.3.0, MIT, https://github.com/jakub-g/x-default-browser.git
xmlbuilder, 2.2.1, undefined, git://github.com/oozcitak/xmlbuilder-js.git
xmldom, 0.1.19, undefined, git://github.com/jindw/xmldom.git
xtend, 4.0.0, undefined, git://github.com/Raynos/xtend.git
y18n, 3.1.0, ISC, git+ssh://git@github.com/bcoe/y18n.git
yakaa, 1.0.1, MIT, git+https://github.com/newrelic/yakaa.git
yargs, 3.15.0, MIT, git+ssh://git@github.com/bcoe/yargs.git
yauzl, 2.3.1, MIT, https://github.com/thejoshwolfe/yauzl.git
